EmployeeID,Name,Role,Department,Location,Salary
E0001,Kiran Das,QA Engineer,Product,Pune,72671
E0002,Manish Mehta,Product Manager,HR,Bangalore,98769
E0003,Pooja Kulkarni,Data Analyst,HR,Delhi,94837
E0004,Swati Pandey,Frontend Developer,Analytics,Hyderabad,113306
E0005,Meena Mishra,HR Manager,Marketing,Pune,42138
E0006,Arjun Reddy,Marketing Lead,IT,Chennai,54335
E0007,Pooja Nair,UI/UX Designer,Analytics,Hyderabad,55736
E0008,Manish Bansal,Frontend Developer,Marketing,Hyderabad,111516
E0009,Rohit Bansal,Marketing Lead,Marketing,Pune,63287
E0010,Deepa Chopra,HR Manager,IT,Ahmedabad,45764
E0011,Suresh Joshi,HR Manager,IT,Noida,45662
E0012,Rohit Sharma,Product Manager,Analytics,Mumbai,68257
E0013,Arjun Gupta,Backend Developer,Marketing,Mumbai,92316
E0014,Rahul Singh,Product Manager,Analytics,Chennai,79573
E0015,Arjun Reddy,UI/UX Designer,HR,Hyderabad,96753
E0016,Pooja Reddy,Frontend Developer,HR,Kolkata,106169
E0017,Arjun Mehta,QA Engineer,Product,Hyderabad,57635
E0018,Suresh Yadav,UI/UX Designer,IT,Ahmedabad,84991
E0019,Swati Das,UI/UX Designer,HR,Delhi,61294
E0020,Pooja Agarwal,QA Engineer,HR,Mumbai,40557
E0021,Manish Patel,UI/UX Designer,HR,Pune,96752
E0022,Pooja Reddy,DevOps Engineer,HR,Noida,56897
E0023,Suresh Pandey,UI/UX Designer,Product,Delhi,46225
E0024,Suresh Reddy,Backend Developer,IT,Delhi,108867
E0025,Vikram Reddy,UI/UX Designer,Marketing,Hyderabad,106104
E0026,Anjali Singh,Software Engineer,HR,Chennai,70229
E0027,Varun Reddy,DevOps Engineer,Design,Chennai,69082
E0028,Anjali Sharma,Data Analyst,Design,Bangalore,94094
E0029,Deepa Iyer,Software Engineer,Marketing,Pune,48745
E0030,Rahul Kumar,QA Engineer,Analytics,Chennai,42082
E0031,Pooja Iyer,Data Analyst,HR,Noida,99925
E0032,Priya Iyer,Data Analyst,IT,Ahmedabad,102004
E0033,Kavita Verma,Product Manager,Analytics,Noida,67671
E0034,Anjali Kumar,Backend Developer,Analytics,Bangalore,73792
E0035,Manish Sharma,Frontend Developer,Product,Hyderabad,76253
E0036,Kavita Das,Software Engineer,Design,Hyderabad,102708
E0037,Priya Nair,HR Manager,Marketing,Kolkata,115066
E0038,Rahul Chopra,Backend Developer,IT,Hyderabad,72123
E0039,Deepa Kulkarni,Software Engineer,HR,Hyderabad,86562
E0040,Rohit Mishra,HR Manager,Analytics,Noida,46091
E0041,Anjali Kumar,Product Manager,Design,Ahmedabad,92926
E0042,Kavita Joshi,HR Manager,IT,Hyderabad,79097
E0043,Suresh Kulkarni,QA Engineer,HR,Bangalore,58029
E0044,Priya Das,Data Analyst,Analytics,Bangalore,104732
E0045,Sneha Kumar,Software Engineer,Analytics,Noida,61747
E0046,Priya Pandey,DevOps Engineer,IT,Noida,50710
E0047,Kavita Agarwal,Frontend Developer,HR,Delhi,110573
E0048,Suresh Pandey,Data Analyst,Analytics,Noida,95271
E0049,Neha Patel,Software Engineer,Analytics,Delhi,47842
E0050,Rahul Saxena,Product Manager,Marketing,Chennai,107431
E0051,Manish Gupta,Frontend Developer,Marketing,Chennai,98595
E0052,Manish Agarwal,Frontend Developer,Product,Delhi,74094
E0053,Suresh Verma,DevOps Engineer,Product,Ahmedabad,96199
E0054,Manish Nair,HR Manager,Analytics,Hyderabad,40596
E0055,Suresh Joshi,QA Engineer,HR,Pune,113518
E0056,Meena Bansal,QA Engineer,Marketing,Mumbai,113933
E0057,Amit Iyer,Software Engineer,Design,Hyderabad,54298
E0058,Riya Chopra,QA Engineer,Design,Bangalore,49122
E0059,Pooja Verma,DevOps Engineer,Product,Hyderabad,74935
E0060,Deepa Iyer,Data Analyst,HR,Hyderabad,64697
E0061,Suresh Yadav,UI/UX Designer,Product,Delhi,58643
E0062,Manish Joshi,Backend Developer,Marketing,Bangalore,119416
E0063,Priya Chopra,Frontend Developer,Product,Mumbai,78031
E0064,Rahul Gupta,Software Engineer,HR,Ahmedabad,90729
E0065,Arjun Bansal,UI/UX Designer,Marketing,Noida,47411
E0066,Kavita Yadav,QA Engineer,Marketing,Mumbai,43728
E0067,Meena Chopra,Software Engineer,HR,Hyderabad,52780
E0068,Swati Mehta,Marketing Lead,Product,Kolkata,87555
E0069,Deepa Gupta,Data Analyst,Marketing,Chennai,93301
E0070,Kiran Patel,Marketing Lead,Analytics,Ahmedabad,64242
E0071,Anjali Mehta,Data Analyst,HR,Chennai,116364
E0072,Meena Reddy,UI/UX Designer,Design,Hyderabad,108698
E0073,Nikhil Pandey,Backend Developer,Analytics,Mumbai,93357
E0074,Rahul Nair,HR Manager,Design,Mumbai,75399
E0075,Nikhil Yadav,Software Engineer,Product,Kolkata,119849
E0076,Kavita Verma,UI/UX Designer,Design,Noida,81246
E0077,Anjali Mehta,Data Analyst,Product,Noida,84047
E0078,Kavita Iyer,UI/UX Designer,HR,Kolkata,104875
E0079,Varun Kulkarni,QA Engineer,HR,Hyderabad,78658
E0080,Nikhil Gupta,Data Analyst,Design,Hyderabad,91688
E0081,Vikram Mishra,UI/UX Designer,Product,Hyderabad,66623
E0082,Riya Kulkarni,Software Engineer,HR,Hyderabad,72267
E0083,Vikram Patel,Data Analyst,IT,Bangalore,70144
E0084,Suresh Singh,HR Manager,Marketing,Kolkata,105079
E0085,Neha Sharma,QA Engineer,Analytics,Noida,90030
E0086,Riya Bansal,UI/UX Designer,Marketing,Hyderabad,82741
E0087,Kavita Chopra,Marketing Lead,Analytics,Bangalore,64224
E0088,Deepa Yadav,UI/UX Designer,Analytics,Noida,67182
E0089,Anjali Singh,Backend Developer,Marketing,Chennai,93702
E0090,Pooja Kulkarni,Software Engineer,Analytics,Bangalore,88012
E0091,Suresh Gupta,Frontend Developer,Product,Hyderabad,98151
E0092,Rahul Nair,Software Engineer,Analytics,Ahmedabad,91576
E0093,Varun Gupta,Product Manager,IT,Mumbai,43876
E0094,Varun Mehta,UI/UX Designer,IT,Bangalore,107048
E0095,Arjun Das,Marketing Lead,Product,Delhi,55113
E0096,Nikhil Pandey,Frontend Developer,Product,Chennai,88579
E0097,Amit Reddy,Data Analyst,Analytics,Pune,71262
E0098,Rohit Agarwal,Backend Developer,Design,Kolkata,83183
E0099,Meena Singh,Backend Developer,Marketing,Noida,43653
E0100,Priya Chopra,Marketing Lead,HR,Noida,51236
E0101,Neha Bansal,HR Manager,Product,Noida,53959
E0102,Amit Patel,DevOps Engineer,Analytics,Delhi,55207
E0103,Manish Gupta,Software Engineer,IT,Mumbai,101792
E0104,Arjun Agarwal,UI/UX Designer,HR,Mumbai,55816
E0105,Kavita Gupta,HR Manager,Marketing,Noida,80126
E0106,Meena Mehta,Software Engineer,HR,Noida,81681
E0107,Vikram Gupta,UI/UX Designer,Design,Bangalore,107078
E0108,Arjun Mishra,Data Analyst,Product,Kolkata,55372
E0109,Sneha Chopra,DevOps Engineer,IT,Chennai,91409
E0110,Suresh Gupta,Software Engineer,HR,Kolkata,96056
E0111,Manish Kumar,Product Manager,Marketing,Chennai,45978
E0112,Rohit Yadav,Frontend Developer,Marketing,Chennai,76835
E0113,Arjun Mehta,Data Analyst,HR,Noida,52733
E0114,Kiran Das,DevOps Engineer,Analytics,Mumbai,71063
E0115,Arjun Sharma,DevOps Engineer,Design,Mumbai,102209
E0116,Varun Chopra,UI/UX Designer,Product,Kolkata,41259
E0117,Pooja Verma,Marketing Lead,HR,Bangalore,48402
E0118,Rohit Chopra,DevOps Engineer,Analytics,Pune,88748
E0119,Kiran Chopra,DevOps Engineer,Design,Hyderabad,54444
E0120,Rohit Nair,Marketing Lead,Product,Pune,95607
E0121,Swati Kulkarni,Data Analyst,Marketing,Pune,84399
E0122,Kiran Verma,UI/UX Designer,HR,Bangalore,65804
E0123,Priya Kulkarni,QA Engineer,Design,Delhi,92771
E0124,Riya Kumar,Data Analyst,HR,Bangalore,106907
E0125,Manish Kumar,HR Manager,Marketing,Chennai,74930
E0126,Kiran Reddy,QA Engineer,Design,Chennai,69983
E0127,Meena Nair,Product Manager,HR,Kolkata,51210
E0128,Manish Kulkarni,Software Engineer,Product,Ahmedabad,111553
E0129,Vikram Nair,DevOps Engineer,Product,Ahmedabad,41088
E0130,Kiran Kumar,Frontend Developer,HR,Noida,105319
E0131,Meena Joshi,HR Manager,Product,Bangalore,64086
E0132,Rohit Bansal,DevOps Engineer,IT,Noida,90849
E0133,Rahul Iyer,Backend Developer,HR,Mumbai,53361
E0134,Neha Nair,Frontend Developer,HR,Bangalore,118318
E0135,Varun Mehta,Software Engineer,HR,Hyderabad,67984
E0136,Swati Agarwal,DevOps Engineer,Product,Chennai,68242
E0137,Nikhil Kulkarni,Marketing Lead,HR,Pune,107558
E0138,Priya Saxena,Backend Developer,Analytics,Chennai,85535
E0139,Priya Mishra,HR Manager,IT,Bangalore,86778
E0140,Deepa Singh,Marketing Lead,Design,Ahmedabad,98096
E0141,Swati Nair,HR Manager,HR,Mumbai,54251
E0142,Riya Verma,Backend Developer,HR,Mumbai,80814
E0143,Suresh Nair,Backend Developer,Analytics,Bangalore,88349
E0144,Nikhil Reddy,HR Manager,Product,Delhi,108525
E0145,Arjun Verma,Software Engineer,Analytics,Noida,83750
E0146,Rohit Yadav,DevOps Engineer,Marketing,Delhi,102440
E0147,Amit Kumar,UI/UX Designer,Analytics,Chennai,66800
E0148,Varun Verma,Software Engineer,IT,Kolkata,112716
E0149,Deepa Kulkarni,Backend Developer,IT,Hyderabad,59011
E0150,Priya Mishra,Data Analyst,Design,Bangalore,81101
E0151,Amit Kumar,HR Manager,Design,Kolkata,107312
E0152,Vikram Pandey,DevOps Engineer,Product,Delhi,118149
E0153,Anjali Verma,Data Analyst,Analytics,Mumbai,55543
E0154,Deepa Mehta,Product Manager,Marketing,Ahmedabad,47977
E0155,Anjali Patel,Product Manager,Design,Ahmedabad,91839
E0156,Rahul Yadav,Data Analyst,Product,Chennai,46816
E0157,Kiran Chopra,Product Manager,Marketing,Ahmedabad,70633
E0158,Varun Singh,Marketing Lead,Product,Ahmedabad,119344
E0159,Deepa Das,UI/UX Designer,IT,Delhi,118157
E0160,Amit Chopra,Software Engineer,Design,Mumbai,55123
E0161,Pooja Iyer,QA Engineer,Product,Delhi,92372
E0162,Vikram Mehta,Product Manager,Design,Bangalore,54392
E0163,Swati Kulkarni,Data Analyst,Marketing,Bangalore,89114
E0164,Sneha Das,HR Manager,Product,Noida,104971
E0165,Swati Patel,Software Engineer,HR,Mumbai,75412
E0166,Kavita Agarwal,Marketing Lead,Marketing,Chennai,81644
E0167,Arjun Patel,UI/UX Designer,Marketing,Ahmedabad,88173
E0168,Deepa Reddy,UI/UX Designer,Design,Chennai,58286
E0169,Swati Mishra,Data Analyst,HR,Hyderabad,52233
E0170,Meena Agarwal,Frontend Developer,IT,Noida,94847
E0171,Kiran Sharma,HR Manager,Product,Bangalore,87877
E0172,Deepa Joshi,HR Manager,Design,Hyderabad,82155
E0173,Amit Joshi,QA Engineer,Marketing,Kolkata,101234
E0174,Neha Patel,Software Engineer,Analytics,Hyderabad,73058
E0175,Anjali Kulkarni,Product Manager,Product,Noida,77400
E0176,Neha Patel,Data Analyst,IT,Hyderabad,48574
E0177,Priya Saxena,Backend Developer,HR,Mumbai,116423
E0178,Manish Das,HR Manager,Product,Bangalore,87361
E0179,Priya Patel,Software Engineer,Marketing,Noida,71305
E0180,Swati Pandey,UI/UX Designer,HR,Hyderabad,106405
E0181,Sneha Kumar,Backend Developer,Analytics,Bangalore,97772
E0182,Vikram Das,Product Manager,Product,Delhi,119404
E0183,Nikhil Saxena,HR Manager,Marketing,Mumbai,104156
E0184,Riya Iyer,UI/UX Designer,Marketing,Kolkata,92703
E0185,Anjali Kulkarni,Product Manager,Design,Bangalore,85989
E0186,Swati Joshi,HR Manager,Product,Hyderabad,85410
E0187,Kiran Mehta,Data Analyst,HR,Noida,64443
E0188,Meena Mishra,QA Engineer,IT,Mumbai,99122
E0189,Rohit Kulkarni,DevOps Engineer,IT,Bangalore,88794
E0190,Nikhil Sharma,Data Analyst,Analytics,Kolkata,54031
E0191,Rahul Mishra,HR Manager,Marketing,Bangalore,53488
E0192,Swati Patel,Data Analyst,Design,Bangalore,106106
E0193,Priya Pandey,Backend Developer,IT,Delhi,105100
E0194,Suresh Kulkarni,DevOps Engineer,Design,Delhi,104396
E0195,Arjun Mishra,HR Manager,Marketing,Noida,106221
E0196,Swati Chopra,QA Engineer,Design,Ahmedabad,87932
E0197,Rahul Das,Product Manager,Design,Chennai,114387
E0198,Kiran Pandey,QA Engineer,Design,Mumbai,49641
E0199,Rohit Nair,Backend Developer,IT,Mumbai,116167
E0200,Arjun Joshi,QA Engineer,Marketing,Delhi,56524
E0201,Varun Kumar,Backend Developer,Product,Hyderabad,117765
E0202,Riya Reddy,HR Manager,Design,Kolkata,95157
E0203,Kavita Gupta,DevOps Engineer,Product,Mumbai,89073
E0204,Kavita Singh,Backend Developer,Analytics,Ahmedabad,47318
E0205,Deepa Singh,Backend Developer,IT,Pune,66951
E0206,Pooja Kumar,Frontend Developer,Marketing,Hyderabad,49672
E0207,Rahul Joshi,HR Manager,Analytics,Kolkata,92076
E0208,Swati Agarwal,Frontend Developer,Analytics,Noida,83894
E0209,Anjali Gupta,DevOps Engineer,Analytics,Pune,100634
E0210,Manish Bansal,DevOps Engineer,HR,Kolkata,113019
E0211,Amit Nair,Marketing Lead,HR,Chennai,77202
E0212,Priya Nair,Data Analyst,HR,Chennai,63347
E0213,Kiran Pandey,UI/UX Designer,IT,Delhi,65667
E0214,Riya Kumar,DevOps Engineer,IT,Delhi,52972
E0215,Varun Bansal,QA Engineer,Design,Noida,112531
E0216,Neha Saxena,Software Engineer,Analytics,Ahmedabad,59272
E0217,Nikhil Das,Software Engineer,Product,Noida,48055
E0218,Kavita Gupta,Data Analyst,Design,Bangalore,60171
E0219,Riya Patel,HR Manager,Analytics,Bangalore,103952
E0220,Meena Iyer,Product Manager,Product,Chennai,87766
E0221,Neha Chopra,Backend Developer,Design,Delhi,88834
E0222,Rohit Agarwal,Data Analyst,Design,Kolkata,110437
E0223,Deepa Singh,Data Analyst,Product,Delhi,103522
E0224,Vikram Nair,Software Engineer,Marketing,Ahmedabad,111446
E0225,Varun Iyer,Product Manager,Product,Pune,45245
E0226,Sneha Gupta,Software Engineer,Design,Bangalore,66646
E0227,Pooja Singh,HR Manager,Analytics,Bangalore,71947
E0228,Anjali Yadav,Marketing Lead,Design,Hyderabad,57004
E0229,Varun Mehta,Data Analyst,HR,Hyderabad,59690
E0230,Priya Singh,DevOps Engineer,Marketing,Bangalore,81673
E0231,Sneha Reddy,QA Engineer,Analytics,Chennai,51324
E0232,Neha Kumar,DevOps Engineer,Marketing,Pune,111065
E0233,Manish Gupta,DevOps Engineer,IT,Bangalore,114930
E0234,Priya Bansal,DevOps Engineer,IT,Chennai,96417
E0235,Deepa Reddy,Product Manager,HR,Noida,49817
E0236,Sneha Verma,DevOps Engineer,HR,Chennai,98763
E0237,Pooja Kumar,Marketing Lead,IT,Mumbai,101691
E0238,Nikhil Sharma,QA Engineer,Analytics,Kolkata,119900
E0239,Sneha Singh,Data Analyst,Marketing,Bangalore,67054
E0240,Rahul Verma,Data Analyst,Marketing,Mumbai,96982
E0241,Riya Das,DevOps Engineer,Design,Chennai,65231
E0242,Kiran Agarwal,DevOps Engineer,IT,Mumbai,88636
E0243,Manish Bansal,QA Engineer,IT,Chennai,45232
E0244,Rohit Kulkarni,UI/UX Designer,HR,Pune,103220
E0245,Nikhil Agarwal,QA Engineer,HR,Kolkata,65984
E0246,Manish Joshi,Frontend Developer,Design,Kolkata,98932
E0247,Arjun Sharma,HR Manager,Design,Ahmedabad,89593
E0248,Kavita Saxena,QA Engineer,HR,Hyderabad,79155
E0249,Amit Singh,Frontend Developer,Marketing,Mumbai,119664
E0250,Suresh Mishra,DevOps Engineer,Product,Delhi,61108
E0251,Kavita Mehta,DevOps Engineer,Product,Delhi,41516
E0252,Kavita Singh,HR Manager,Product,Pune,92339
E0253,Manish Mehta,DevOps Engineer,Design,Pune,57386
E0254,Nikhil Iyer,UI/UX Designer,HR,Hyderabad,101096
E0255,Anjali Chopra,Data Analyst,Design,Ahmedabad,74226
E0256,Manish Bansal,Marketing Lead,Analytics,Ahmedabad,114393
E0257,Varun Verma,Product Manager,Marketing,Ahmedabad,46573
E0258,Suresh Kulkarni,HR Manager,IT,Bangalore,56229
E0259,Deepa Yadav,QA Engineer,Analytics,Bangalore,64652
E0260,Meena Pandey,UI/UX Designer,Analytics,Kolkata,107456
E0261,Priya Saxena,Data Analyst,Analytics,Pune,53520
E0262,Meena Yadav,DevOps Engineer,Design,Mumbai,107491
E0263,Kavita Kulkarni,Data Analyst,Design,Delhi,48342
E0264,Manish Gupta,Software Engineer,Analytics,Ahmedabad,119882
E0265,Rahul Yadav,Marketing Lead,IT,Bangalore,103997
E0266,Kiran Patel,HR Manager,IT,Hyderabad,63776
E0267,Swati Joshi,DevOps Engineer,IT,Hyderabad,116038
E0268,Amit Patel,Frontend Developer,Analytics,Noida,42755
E0269,Riya Patel,Frontend Developer,IT,Chennai,59528
E0270,Sneha Patel,Data Analyst,Design,Hyderabad,40716
E0271,Priya Mehta,Data Analyst,HR,Hyderabad,80065
E0272,Priya Pandey,QA Engineer,IT,Pune,63276
E0273,Riya Nair,Product Manager,Marketing,Delhi,40173
E0274,Nikhil Singh,DevOps Engineer,Product,Mumbai,116202
E0275,Priya Saxena,Data Analyst,Design,Bangalore,63888
E0276,Deepa Chopra,Software Engineer,Marketing,Hyderabad,63506
E0277,Manish Gupta,UI/UX Designer,Product,Chennai,87040
E0278,Arjun Nair,DevOps Engineer,Product,Delhi,116304
E0279,Rahul Das,Marketing Lead,Marketing,Bangalore,45882
E0280,Suresh Nair,UI/UX Designer,Product,Chennai,95845
E0281,Swati Chopra,Product Manager,Marketing,Kolkata,116985
E0282,Vikram Sharma,Frontend Developer,Marketing,Bangalore,97824
E0283,Deepa Yadav,DevOps Engineer,Design,Pune,107930
E0284,Deepa Mehta,QA Engineer,Analytics,Pune,106458
E0285,Amit Gupta,Product Manager,Marketing,Pune,67986
E0286,Nikhil Saxena,Software Engineer,Product,Ahmedabad,51392
E0287,Riya Bansal,QA Engineer,IT,Pune,59261
E0288,Suresh Das,Software Engineer,HR,Delhi,73684
E0289,Riya Mehta,Frontend Developer,HR,Hyderabad,40628
E0290,Pooja Das,UI/UX Designer,Marketing,Delhi,89616
E0291,Amit Yadav,Data Analyst,Product,Noida,48262
E0292,Nikhil Nair,HR Manager,IT,Ahmedabad,87762
E0293,Arjun Patel,UI/UX Designer,HR,Kolkata,57923
E0294,Nikhil Sharma,UI/UX Designer,Product,Delhi,49305
E0295,Arjun Joshi,QA Engineer,Product,Noida,73464
E0296,Vikram Joshi,Backend Developer,Marketing,Chennai,99289
E0297,Pooja Bansal,DevOps Engineer,Design,Chennai,41794
E0298,Kavita Mishra,Marketing Lead,HR,Pune,93626
E0299,Meena Joshi,HR Manager,IT,Hyderabad,70334
E0300,Rahul Patel,DevOps Engineer,IT,Chennai,52797
E0301,Riya Joshi,HR Manager,Product,Chennai,67900
E0302,Swati Gupta,Software Engineer,HR,Bangalore,45726
E0303,Sneha Yadav,UI/UX Designer,Design,Pune,66826
E0304,Nikhil Nair,UI/UX Designer,IT,Ahmedabad,64792
E0305,Pooja Mehta,Frontend Developer,Product,Pune,85750
E0306,Anjali Kumar,UI/UX Designer,Marketing,Mumbai,62110
E0307,Kavita Mehta,UI/UX Designer,Design,Mumbai,87791
E0308,Nikhil Pandey,Product Manager,Design,Delhi,82329
E0309,Amit Kulkarni,UI/UX Designer,Marketing,Kolkata,69202
E0310,Swati Saxena,Frontend Developer,HR,Hyderabad,113293
E0311,Manish Bansal,HR Manager,Marketing,Bangalore,95578
E0312,Swati Das,HR Manager,IT,Kolkata,104887
E0313,Kiran Patel,UI/UX Designer,Product,Hyderabad,66179
E0314,Priya Patel,Frontend Developer,HR,Delhi,114601
E0315,Manish Das,DevOps Engineer,HR,Ahmedabad,57225
E0316,Suresh Mishra,QA Engineer,HR,Hyderabad,51128
E0317,Manish Yadav,Frontend Developer,Analytics,Delhi,101699
E0318,Amit Saxena,Software Engineer,HR,Chennai,85405
E0319,Riya Chopra,Backend Developer,Analytics,Kolkata,108996
E0320,Neha Saxena,DevOps Engineer,Analytics,Chennai,59650
E0321,Swati Iyer,QA Engineer,IT,Noida,113457
E0322,Priya Joshi,UI/UX Designer,IT,Bangalore,83216
E0323,Pooja Kulkarni,Product Manager,Marketing,Kolkata,65033
E0324,Rahul Patel,DevOps Engineer,Product,Bangalore,99156
E0325,Varun Iyer,HR Manager,Analytics,Mumbai,65624
E0326,Priya Chopra,UI/UX Designer,Marketing,Ahmedabad,45317
E0327,Rohit Singh,HR Manager,Product,Bangalore,107521
E0328,Manish Agarwal,Frontend Developer,Design,Delhi,55842
E0329,Manish Chopra,Product Manager,Product,Chennai,116502
E0330,Rohit Mehta,HR Manager,Product,Delhi,91515
E0331,Nikhil Yadav,UI/UX Designer,Marketing,Pune,116831
E0332,Manish Verma,Marketing Lead,IT,Hyderabad,44876
E0333,Anjali Verma,Product Manager,Product,Delhi,97912
E0334,Deepa Pandey,UI/UX Designer,IT,Pune,90274
E0335,Manish Reddy,Backend Developer,Product,Kolkata,110514
E0336,Anjali Kulkarni,DevOps Engineer,Marketing,Ahmedabad,40368
E0337,Riya Nair,Software Engineer,IT,Mumbai,113372
E0338,Sneha Saxena,Frontend Developer,Design,Kolkata,76278
E0339,Pooja Pandey,Data Analyst,Analytics,Pune,75312
E0340,Amit Kulkarni,Product Manager,HR,Hyderabad,83970
E0341,Manish Gupta,UI/UX Designer,Design,Ahmedabad,55349
E0342,Pooja Bansal,Backend Developer,Marketing,Bangalore,68857
E0343,Sneha Kumar,Software Engineer,Marketing,Mumbai,119968
E0344,Kiran Patel,Product Manager,Analytics,Noida,105189
E0345,Nikhil Joshi,DevOps Engineer,Design,Noida,40020
E0346,Deepa Joshi,UI/UX Designer,IT,Ahmedabad,87974
E0347,Rohit Bansal,DevOps Engineer,HR,Mumbai,109314
E0348,Amit Reddy,Frontend Developer,Marketing,Bangalore,49559
E0349,Rahul Kulkarni,UI/UX Designer,Design,Noida,49382
E0350,Rahul Saxena,Product Manager,HR,Mumbai,82892
E0351,Priya Patel,UI/UX Designer,Marketing,Bangalore,93927
E0352,Arjun Singh,Marketing Lead,Design,Mumbai,90607
E0353,Vikram Saxena,HR Manager,HR,Hyderabad,73808
E0354,Rohit Joshi,DevOps Engineer,Analytics,Delhi,64044
E0355,Pooja Iyer,Software Engineer,IT,Pune,74256
E0356,Arjun Mishra,Data Analyst,Analytics,Ahmedabad,61577
E0357,Amit Saxena,Data Analyst,IT,Kolkata,117605
E0358,Varun Mishra,Data Analyst,Analytics,Bangalore,63206
E0359,Kavita Mishra,HR Manager,HR,Hyderabad,94989
E0360,Sneha Mehta,HR Manager,HR,Mumbai,47565
E0361,Deepa Kumar,Backend Developer,Product,Pune,54400
E0362,Vikram Reddy,Data Analyst,Marketing,Hyderabad,95047
E0363,Pooja Iyer,UI/UX Designer,Product,Chennai,59011
E0364,Amit Kulkarni,Product Manager,Analytics,Delhi,54687
E0365,Manish Gupta,Product Manager,Product,Mumbai,50869
E0366,Kiran Agarwal,Marketing Lead,Design,Noida,54550
E0367,Varun Mehta,Data Analyst,IT,Delhi,70418
E0368,Deepa Iyer,Backend Developer,Marketing,Ahmedabad,73675
E0369,Riya Kulkarni,Frontend Developer,Marketing,Mumbai,101744
E0370,Amit Iyer,HR Manager,Analytics,Kolkata,72248
E0371,Amit Gupta,QA Engineer,IT,Delhi,95747
E0372,Rahul Pandey,Software Engineer,Product,Ahmedabad,74914
E0373,Amit Sharma,HR Manager,IT,Delhi,113840
E0374,Kavita Mishra,UI/UX Designer,Product,Ahmedabad,116033
E0375,Arjun Mishra,Product Manager,HR,Bangalore,41290
E0376,Sneha Reddy,Marketing Lead,IT,Chennai,108197
E0377,Nikhil Patel,HR Manager,HR,Bangalore,47567
E0378,Rohit Singh,HR Manager,IT,Pune,83907
E0379,Rohit Pandey,UI/UX Designer,Marketing,Pune,93222
E0380,Rahul Reddy,UI/UX Designer,IT,Ahmedabad,55189
E0381,Sneha Das,Software Engineer,Design,Hyderabad,81897
E0382,Amit Sharma,Frontend Developer,Marketing,Ahmedabad,84047
E0383,Sneha Mehta,Data Analyst,IT,Delhi,46069
E0384,Rahul Mishra,UI/UX Designer,Design,Delhi,80512
E0385,Kiran Reddy,Backend Developer,Design,Kolkata,41897
E0386,Kavita Bansal,HR Manager,Analytics,Kolkata,57103
E0387,Nikhil Kulkarni,HR Manager,Design,Mumbai,114814
E0388,Arjun Nair,UI/UX Designer,Marketing,Noida,109297
E0389,Priya Pandey,Software Engineer,Design,Chennai,83576
E0390,Suresh Kulkarni,QA Engineer,HR,Kolkata,101698
E0391,Suresh Joshi,Backend Developer,HR,Ahmedabad,49536
E0392,Nikhil Chopra,HR Manager,Product,Pune,82098
E0393,Deepa Sharma,UI/UX Designer,IT,Noida,104547
E0394,Pooja Pandey,Marketing Lead,HR,Noida,91367
E0395,Arjun Mehta,UI/UX Designer,Product,Pune,68897
E0396,Deepa Singh,HR Manager,Design,Mumbai,98779
E0397,Kiran Iyer,UI/UX Designer,IT,Noida,68466
E0398,Meena Patel,Frontend Developer,Product,Pune,46342
E0399,Swati Nair,HR Manager,Marketing,Mumbai,50520
E0400,Vikram Agarwal,Backend Developer,Analytics,Pune,51424
E0401,Riya Agarwal,Marketing Lead,HR,Noida,114892
E0402,Arjun Gupta,Product Manager,HR,Ahmedabad,97809
E0403,Meena Reddy,Frontend Developer,Design,Noida,73715
E0404,Suresh Mehta,Data Analyst,Marketing,Chennai,44930
E0405,Riya Kulkarni,Backend Developer,Design,Noida,77185
E0406,Varun Nair,UI/UX Designer,Marketing,Chennai,104535
E0407,Manish Singh,HR Manager,Marketing,Ahmedabad,46458
E0408,Pooja Verma,Software Engineer,Design,Noida,66608
E0409,Meena Patel,HR Manager,Design,Delhi,116713
E0410,Varun Verma,Product Manager,Design,Hyderabad,59505
E0411,Kavita Singh,HR Manager,Analytics,Hyderabad,79950
E0412,Riya Bansal,QA Engineer,Product,Hyderabad,65505
E0413,Suresh Singh,Data Analyst,Marketing,Pune,70733
E0414,Riya Iyer,Data Analyst,Design,Pune,53160
E0415,Deepa Saxena,DevOps Engineer,IT,Delhi,103909
E0416,Kiran Saxena,Marketing Lead,Design,Pune,94777
E0417,Rohit Kumar,Product Manager,IT,Chennai,98960
E0418,Varun Pandey,Software Engineer,IT,Bangalore,88891
E0419,Priya Chopra,Frontend Developer,Product,Kolkata,59600
E0420,Anjali Das,Software Engineer,Marketing,Ahmedabad,78751
E0421,Kavita Bansal,Marketing Lead,IT,Pune,71522
E0422,Nikhil Mishra,UI/UX Designer,Design,Bangalore,91228
E0423,Swati Yadav,Data Analyst,Design,Hyderabad,57597
E0424,Vikram Singh,Backend Developer,Product,Delhi,67549
E0425,Priya Joshi,Data Analyst,Product,Ahmedabad,50195
E0426,Pooja Bansal,Software Engineer,Product,Ahmedabad,50898
E0427,Amit Verma,Software Engineer,Design,Kolkata,78165
E0428,Sneha Mehta,DevOps Engineer,Design,Noida,83853
E0429,Manish Pandey,Software Engineer,IT,Delhi,83244
E0430,Meena Yadav,Software Engineer,Product,Delhi,112130
E0431,Kiran Nair,HR Manager,Marketing,Delhi,101644
E0432,Meena Nair,UI/UX Designer,Product,Hyderabad,83412
E0433,Meena Chopra,UI/UX Designer,Design,Chennai,101956
E0434,Riya Chopra,Product Manager,Marketing,Bangalore,117553
E0435,Meena Reddy,Data Analyst,HR,Ahmedabad,91582
E0436,Anjali Iyer,Marketing Lead,Design,Noida,68274
E0437,Varun Yadav,Backend Developer,Analytics,Chennai,74524
E0438,Suresh Das,UI/UX Designer,Design,Chennai,112541
E0439,Arjun Chopra,Software Engineer,Marketing,Bangalore,103328
E0440,Rohit Joshi,HR Manager,Design,Noida,112620
E0441,Kiran Reddy,HR Manager,Design,Bangalore,68391
E0442,Meena Chopra,Frontend Developer,IT,Pune,60208
E0443,Sneha Reddy,Marketing Lead,IT,Chennai,49373
E0444,Meena Saxena,DevOps Engineer,Design,Chennai,102378
E0445,Neha Das,Software Engineer,HR,Kolkata,97980
E0446,Suresh Mehta,Marketing Lead,Design,Delhi,108318
E0447,Suresh Agarwal,Data Analyst,Design,Hyderabad,76395
E0448,Kavita Singh,HR Manager,Design,Chennai,73730
E0449,Nikhil Kulkarni,HR Manager,IT,Pune,51228
E0450,Vikram Iyer,Product Manager,HR,Delhi,112472
E0451,Manish Iyer,QA Engineer,Product,Ahmedabad,44958
E0452,Pooja Singh,Frontend Developer,Analytics,Kolkata,116590
E0453,Manish Pandey,Frontend Developer,Analytics,Ahmedabad,94063
E0454,Amit Nair,Software Engineer,HR,Ahmedabad,58017
E0455,Meena Agarwal,QA Engineer,Marketing,Bangalore,55194
E0456,Nikhil Kulkarni,Product Manager,Design,Chennai,56903
E0457,Varun Bansal,HR Manager,HR,Mumbai,119410
E0458,Pooja Bansal,QA Engineer,HR,Hyderabad,103175
E0459,Kiran Nair,Backend Developer,Product,Bangalore,90995
E0460,Meena Agarwal,Backend Developer,HR,Ahmedabad,119351
E0461,Anjali Mishra,Software Engineer,Analytics,Noida,50859
E0462,Suresh Saxena,Backend Developer,Design,Kolkata,78362
E0463,Varun Das,Frontend Developer,IT,Delhi,109329
E0464,Vikram Patel,UI/UX Designer,Design,Kolkata,58819
E0465,Anjali Kulkarni,UI/UX Designer,Marketing,Hyderabad,59294
E0466,Neha Yadav,Marketing Lead,Design,Delhi,74896
E0467,Kiran Agarwal,Frontend Developer,Product,Ahmedabad,119849
E0468,Riya Patel,Data Analyst,Design,Ahmedabad,89167
E0469,Riya Das,UI/UX Designer,Product,Bangalore,55002
E0470,Kiran Singh,Frontend Developer,Analytics,Bangalore,80962
E0471,Riya Singh,Data Analyst,IT,Mumbai,45095
E0472,Varun Kumar,Backend Developer,Marketing,Ahmedabad,113576
E0473,Sneha Gupta,HR Manager,HR,Hyderabad,81873
E0474,Kavita Yadav,Software Engineer,IT,Ahmedabad,93031
E0475,Deepa Pandey,Product Manager,Marketing,Chennai,79486
E0476,Suresh Joshi,UI/UX Designer,IT,Kolkata,75097
E0477,Kavita Mehta,Data Analyst,IT,Delhi,114066
E0478,Suresh Pandey,Marketing Lead,HR,Ahmedabad,112599
E0479,Vikram Kumar,Software Engineer,IT,Mumbai,116423
E0480,Rahul Patel,QA Engineer,Marketing,Mumbai,55628
E0481,Rohit Das,HR Manager,Product,Noida,119920
E0482,Neha Verma,HR Manager,Design,Noida,114806
E0483,Vikram Agarwal,Frontend Developer,IT,Chennai,98279
E0484,Suresh Patel,Product Manager,Product,Bangalore,65114
E0485,Riya Saxena,Backend Developer,Analytics,Hyderabad,42768
E0486,Kiran Kulkarni,Software Engineer,IT,Noida,94885
E0487,Amit Joshi,DevOps Engineer,Analytics,Kolkata,119564
E0488,Nikhil Verma,Marketing Lead,HR,Chennai,114712
E0489,Riya Sharma,Backend Developer,HR,Kolkata,63215
E0490,Varun Bansal,DevOps Engineer,Product,Hyderabad,94701
E0491,Manish Gupta,QA Engineer,Product,Delhi,113682
E0492,Amit Verma,UI/UX Designer,Design,Pune,100398
E0493,Suresh Chopra,DevOps Engineer,Product,Ahmedabad,60865
E0494,Sneha Singh,Product Manager,HR,Bangalore,78343
E0495,Neha Joshi,Marketing Lead,Marketing,Delhi,72977
E0496,Anjali Nair,UI/UX Designer,Analytics,Bangalore,74769
E0497,Rahul Mishra,HR Manager,HR,Ahmedabad,44500
E0498,Deepa Kulkarni,Backend Developer,IT,Hyderabad,118735
E0499,Kavita Yadav,Frontend Developer,Design,Kolkata,50730
E0500,Sneha Sharma,DevOps Engineer,Product,Delhi,98686
